<?xml version="1.0" encoding="UTF-8"?>
<project-private xmlns="http://www.netbeans.org/ns/project-private/1">
    <editor-bookmarks xmlns="http://www.netbeans.org/ns/editor-bookmarks/2" lastBookmarkId="0"/>
    <open-files xmlns="http://www.netbeans.org/ns/projectui-open-files/2">
        <group>
            <file>file:/C:/Users/JéssicaFerreira/OneDrive%20-%20Time%20Share%20Soluções/Área%20de%20Trabalho/TSI%205%20Periodo/Padroes%20de%20Projetos/Iterator/Interator/src/iterator/AgregadoDeCanais.java</file>
            <file>file:/C:/Users/JéssicaFerreira/OneDrive%20-%20Time%20Share%20Soluções/Área%20de%20Trabalho/TSI%205%20Periodo/Padroes%20de%20Projetos/Iterator/Interator/src/iterator/CanaisEsportes.java</file>
            <file>file:/C:/Users/JéssicaFerreira/OneDrive%20-%20Time%20Share%20Soluções/Área%20de%20Trabalho/TSI%205%20Periodo/Padroes%20de%20Projetos/Iterator/Interator/src/iterator/IteratorCanais.java</file>
            <file>file:/C:/Users/JéssicaFerreira/OneDrive%20-%20Time%20Share%20Soluções/Área%20de%20Trabalho/TSI%205%20Periodo/Padroes%20de%20Projetos/Iterator/Interator/src/iterator/Interator.java</file>
            <file>file:/C:/Users/JéssicaFerreira/OneDrive%20-%20Time%20Share%20Soluções/Área%20de%20Trabalho/TSI%205%20Periodo/Padroes%20de%20Projetos/Iterator/Interator/src/iterator/Canal.java</file>
        </group>
    </open-files>
</project-private>
